{"cameraMode":{"drawMode":0,"name":"Shaded","section":"Shading Mode"},"sceneLighting":true,"audioPlay":false,"sceneViewState":{"showFog":true,"showMaterialUpdate":false,"showSkybox":false,"showFlares":true,"showImageEffects":true,"showParticleSystems":true},"in2DMode":false,"pivot":{"x":-0.012999951839447022,"y":3.3324999809265138,"z":-0.023010000586509706},"rotation":{"x":-0.38108697533607485,"y":0.013801587745547295,"z":-0.004196692258119583,"w":-0.9246653318405151},"size":1.3796215057373047,"orthographic":false}